"sku","image","small_image","thumbnail"
"S49AO0035311012R1000","/f_doc/bd_002_09_1.jpg","","/f_doc/bd_002_09_1.jpg"
"S49AO0035311012R1001","/f_doc/bd_002_10_1.jpg","","/f_doc/bd_002_10_1.jpg"
"S49AO0035311012R1002","/f_doc/bd_002_11_2.jpg","/f_doc/bd_002_11_2__2_.jpg","/f_doc/bd_002_11_2.jpg"
"S49AO0035311012R1003","/f_doc/bd_002_12_1.jpg","","/f_doc/bd_002_12_1.jpg"
"S49AO0035311012R1004","/f_doc/bd_002_13_1.jpg","","/f_doc/bd_002_13_1.jpg"
"S49AO0035311012R1005","/f_doc/bd_002_14_1.jpg","","/f_doc/bd_002_14_1.jpg"
"S49AO0035311012R1006","/f_doc/bd_002_15_1.jpg","","/f_doc/bd_002_15_1.jpg"
"S49AO0035311012R1007","/f_doc/bd_002_16_1.jpg","","/f_doc/bd_002_16_1.jpg"
"S49AO0035311012R1008","/f_doc/bd_002_17_1.jpg","","/f_doc/bd_002_17_1.jpg"
"S49AO0035311012R1009","/f_doc/bd_002_19_1.jpg","","/f_doc/bd_002_19_1.jpg"
"S49AO0035311012R1010","/f_doc/bd_002_20_1.jpg","","/f_doc/bd_002_20_1.jpg"
"S49AO0035311012R1011","/f_doc/bd_002_21_1.jpg","","/f_doc/bd_002_21_1.jpg"
"S49AO0035311012R1012","/f_doc/bd_002_22_1.jpg","","/f_doc/bd_002_22_1.jpg"
"S49AO0035311012R1013","/f_doc/bd_002_23_1.jpg","","/f_doc/bd_002_23_1.jpg"
"S49AO0035311012R1014","/f_doc/bd_002_24_1.jpg","","/f_doc/bd_002_24_1.jpg"
"S49AO0035311012R1015","/f_doc/bd_002_25_1.jpg","","/f_doc/bd_002_25_1.jpg"
"S49AO0035311012R1016","/f_doc/bd_002_26_1.jpg","","/f_doc/bd_002_26_1.jpg"
"S49AO0035311012R1017","/f_doc/bd_002_27_1.jpg","","/f_doc/bd_002_27_1.jpg"
"S43AO0130311012R1007","/yame/dn_004_17_3.jpg ","/yame/dn_004_17_4__2_.jpg","/yame/dn_004_17_4__3_.jpg"
"S43AO0130311012R1008","","","/yame/dn_004_18_2.jpg"
"S43AO0130311012R1009","/yame/dn_004_19_2__2_.jpg","/yame/dn_004_19_2__2_.jpg","/yame/dn_004_19_2.jpg"
"S48AO0114311012R1000","","","/l_femme_boutique/dn_013_004_2.jpg"
"S48AO0114311012R1001","","","/l_femme_boutique/dn_013_004_2__2_.jpg"
"S48AO0114311012R1002","/l_femme_boutique/dn_013_005_2.jpg","","/l_femme_boutique/dn_013_005_2.jpg"
"S48AO0114311012R1007","","","/l_femme_boutique/dn_013_008_2.jpg"
"S48AO0114311012R1008","","","/l_femme_boutique/dn_013_008_2.jpg"
"S47AO0126311012R1000","/real_clothes/dn_014_004_1.jpg ","","/real_clothes/dn_014_004_1.jpg "
"S47AO0126311012R1001","/real_clothes/dn_014_009_1.jpg ","","/real_clothes/dn_014_009_1.jpg "
"S38AO0105311012R1015","/kenfashion/vt_006_005__3.jpg ","/kenfashion/vt_006_005_2.jpg","/kenfashion/vt_006_005__3.jpg "
"S38AO0105311012R1016","/kenfashion/vt_006_005__3.jpg ","/kenfashion/vt_006_005_2.jpg","/kenfashion/vt_006_005__3.jpg "
"S38AO0105311012R1017","/kenfashion/vt_006_005__3.jpg ","/kenfashion/vt_006_005_2.jpg","/kenfashion/vt_006_005__3.jpg "
"S56AO0150311012R1000","/haha/bd_010_02_1.jpg","/haha/bd_010_02_1.jpg",""
"S56AO0150311012R1001","/haha/bd_010_03_2__2_.jpg","/haha/bd_010_03_2__1_.jpg","/haha/bd_010_03_2__2_.jpg"
"S56AO0150311012R1002","/haha/bd_010_04_1.jpg","/haha/bd_010_04_1.jpg",""
"S56AO0150311012R1003","/haha/bd_010_05_1.jpg","/haha/bd_010_05_1.jpg",""
"S56AO0150311012R1004","/haha/bd_010_06_1.jpg","/haha/bd_010_06_1.jpg",""
"S56AO0150311012R1005","/haha/bd_010_11_1.jpg","/haha/bd_010_11_1.jpg",""
"S56AO0150311012R1006","/haha/bd_010_12_1.jpg","/haha/bd_010_12_1.jpg",""
"S56AO0150311012R1007","/haha/bd_010_13_2__1_.jpg ","/haha/bd_010_13_2__1_.jpg ",""
"S56AO0150311012R1008","/haha/bd_010_13_2__2_.jpg","/haha/bd_010_13_2__2_.jpg",""
"S56AO0150311012R1009","/haha/bd_010_14_2__1_.jpg","/haha/bd_010_14_2__1_.jpg",""
"S56AO0150311012R1010","/haha/bd_010_14_2__2_.jpg","/haha/bd_010_14_2__2_.jpg",""
"S56AO0150311012R1011","/haha/bd_010_15_2__1_.jpg","/haha/bd_010_15_2__1_.jpg","/haha/bd_010_15_2__2_.jpg"
"S56AO0150311012R1012","/haha/bd_010_16_2__1_.jpg","/haha/bd_010_16_2__1_.jpg",""
"S56AO0150311012R1013","/haha/bd_010_16_2__2_.jpg","/haha/bd_010_16_2__2_.jpg",""
"S56AO0150311012R1014","/haha/bd_010_17_2__1_.jpg","/haha/bd_010_17_2__1_.jpg",""
"S56AO0150311012R1015","/haha/bd_010_17_2__2_.jpg","/haha/bd_010_17_2__2_.jpg",""
"S56AO0150311012R1016","/haha/bd_010_18_2__1_.jpg","/haha/bd_010_18_2__1_.jpg",""
"S56AO0150311012R1017","/haha/bd_010_18_2__2_.jpg","/haha/bd_010_18_2__2_.jpg",""
"S56AO0150311012R1018","/haha/bd_010_19_2__2_.jpg","/haha/bd_010_19_2__2_.jpg","/haha/bd_010_19_2__1_.jpg"
"S56AO0150311012R1019","/haha/bd_010_20_1.jpg","/haha/bd_010_20_1.jpg",""
"S56AO0150311012R1020","/haha/bd_010_21_1.jpg","/haha/bd_010_21_1.jpg",""
"S42AO0120311012R1000","/lime_orange/bd_006_20_2__1_.jpg","/lime_orange/bd_006_20_2__1_.jpg","/lime_orange/bd_006_20_2__2_.jpg"
"S42AO0120311012R1001","/lime_orange/bd_006_24_2__1_.jpg","/lime_orange/bd_006_24_2__1_.jpg","/lime_orange/bd_006_24_2__2_.jpg"
"S42AO0120311012R1002","/lime_orange/bd_006_28_2__1_.jpg","/lime_orange/bd_006_28_2__1_.jpg",""
"S42AO0120311012R1003","/lime_orange/bd_006_28_2__2_.jpg","/lime_orange/bd_006_28_2__2_.jpg",""
"S42AO0120311012R1004","/lime_orange/bd_006_30_2__1_.jpg","/lime_orange/bd_006_30_2__1_.jpg",""
"S42AO0120311012R1005","/lime_orange/bd_006_30_2__2_.jpg","/lime_orange/bd_006_30_2__2_.jpg",""
"S44AO0152311012R1000","/crazyteen/bd_005_02_3__1_.jpg","/crazyteen/bd_005_02_3__1_.jpg",""
"S44AO0152311012R1002","/crazyteen/bd_005_02_3__3_.jpg","/crazyteen/bd_005_02_3__3_.jpg",""
"S44AO0152311012R1003","/crazyteen/bd_005_03_3__1_.jpg","/crazyteen/bd_005_03_3__1_.jpg",""
"S44AO0152311012R1004","/crazyteen/bd_005_03_3_2_.jpg ","/crazyteen/bd_005_03_3_2_.jpg ",""
"S44AO0152311012R1005","/crazyteen/bd_005_03_3__3_.jpg","/crazyteen/bd_005_03_3__3_.jpg",""
"S44AO0152311012R1006","/crazyteen/bd_005_05_1.jpg","/crazyteen/bd_005_05_1.jpg",""
"S44AO0152311012R1007","/crazyteen/bd_005_06_2__1_.jpg","/crazyteen/bd_005_06_2__1_.jpg",""
"S44AO0152311012R1008","/crazyteen/bd_005_06_2__2_.jpg","/crazyteen/bd_005_06_2__2_.jpg",""
"S44AO0152311012R1009","/crazyteen/bd_005_08_2__1_.jpg ","/crazyteen/bd_005_08_2__1_.jpg ",""
"S44AO0152311012R1010","/crazyteen/bd_005_08_2__2_.jpg","/crazyteen/bd_005_08_2__2_.jpg",""
"S44AO0152311012R1011","/crazyteen/bd_005_09_3__2_.jpg","/crazyteen/bd_005_09_3__3_ .jpg","/crazyteen/bd_005_09_3__3_ .jpg"
"S44AO0152311012R1012","/crazyteen/bd_005_10_1.jpg","/crazyteen/bd_005_10_1.jpg",""
"S44AO0152311012R1013","/crazyteen/bd_005_25_1.jpg","/crazyteen/bd_005_25_1.jpg",""
"S44AO0152311012R1014","/crazyteen/bd_005_26_1.jpg","/crazyteen/bd_005_26_1.jpg",""
"S46AO0122311012R1000","/crazyteen/bd_005_29_1.jpg","/crazyteen/bd_005_29_1.jpg",""
"S46AO0122311012R1001","/marc/bd_004_11_2__1_.jpg","/marc/bd_004_11_2__1_.jpg","/marc/bd_004_11_2__2_.jpg"
"S46AO0122311012R1002","/marc/bd_004_12_2__1_.jpg","/marc/bd_004_12_2__1_.jpg","/marc/bd_004_12_2__2_.jpg"
"S46AO0122311012R1003","/marc/bd_004_13_2__1_.jpg","","/marc/bd_004_13_2__2_.jpg"
"S43QUAN1413311012R1001","/yame/dn_004_23_3__2_.jpg","/yame/dn_004_23_3__3_.jpg","/yame/dn_004_23_3.jpg"
"S43QUAN1413311012R1002","/yame/dn_004_24_2__2_.jpg","/yame/dn_004_24_2_.jpg  ","/yame/dn_004_24_2_.jpg  "
"S48QUAN1414311012R1000","/l_femme_boutique/dn_013_003_1.jpg ","/l_femme_boutique/dn_013_003_1.jpg ","/l_femme_boutique/dn_013_003_1.jpg "
"S48DAM0238311012R1000","/l_femme_boutique/_dn_013_001_2_2_.jpg","","/l_femme_boutique/dn_013_001_2.jpg "
"S47DAM0246311012R1003","/real_clothes/dn_014_005_1.jpg","/real_clothes/dn_014_005_1.jpg","/real_clothes/dn_014_005_1.jpg"
"S50DAM0250311012R1004","/zara_mango/bd_006_03_4__2_.jpg","/zara_mango/bd_006_03_4__1_.jpg ","/zara_mango/bd_006_03_4__1_.jpg"
"S50DAM0250311012R1005","/zara_mango/bd_006_03_4__2_.jpg","/zara_mango/bd_006_03_4__1_.jpg ","/zara_mango/bd_006_03_4__1_.jpg"
"S50DAM0250311012R1009","/zara_mango/bd_006_05_2__2_.jpg","/zara_mango/bd_006_05_2__2_.jpg","/zara_mango/bd_006_05_2__1_.jpg"
"S50DAM0250311012R1010","/zara_mango/bd_006_05_2__2_.jpg","/zara_mango/bd_006_05_2__2_.jpg","/zara_mango/bd_006_05_2__1_.jpg"
"S50DAM0250311012R1011","/zara_mango/bd_006_05_2__2_.jpg","/zara_mango/bd_006_05_2__2_.jpg","/zara_mango/bd_006_05_2__1_.jpg"
"S42DAM0241311012R1004","/lime_orange/bd_006_08_2__1_.jpg ","/lime_orange/bd_006_08_2__1_.jpg ","/lime_orange/bd_006_08_2__1_.jpg "
"S42DAM0241311012R1005","/lime_orange/bd_006_08_2__2_.jpg ","/lime_orange/bd_006_08_2__2_.jpg ","/lime_orange/bd_006_08_2__2_.jpg "
"S44DAM0231311012R1000","/crazyteen/bd_005_17_2__2_.jpg","/crazyteen/bd_005_17_2__2_.jpg","/crazyteen/bd__005_17_2__1_.jpg "
"S44DAM0231311012R1006","crazyteen/bd_005_20_3__2_.jpg","/crazyteen/bd_005_20_3__2_.jpg","crazyteen/bd_005_20_3__2_.jpg"
"S44DAM0231311012R1007","/crazyteen/bd_005_20_3__3_.jpg","crazyteen/bd_005_20_3__3_.jpg","/crazyteen/bd_005_20_3__3_.jpg"
"S46DAM0243311012R1000","/marc/bd_004_01_3__1_.jpg","/marc/bd_004_01_3__3_.jpg",""
"S46DAM0243311012R1001","","/marc/bd_004_03_2__2_.jpg",""
"S46DAM0243311012R1002","","/marc/bd_004_05_2__2_.jpg",""
"S46DAM0243311012R1003","/marc/bd_004_06_2__1_.jpg","/marc/bd_004_06_2__1_.jpg",""
"S53GIAY1400311012R1000","/h/giay/1347246313vn.jpg","/h/giay/1347246313vn.jpg","/h/giay/1347246313vn.jpg"
"S53GIAY1400311012R1001","/h/giay/1347246313vn.jpg","/h/giay/1347246313vn.jpg","/h/giay/1347246313vn.jpg"
"S53GIAY1400311012R1002","/h/giay/1347246313vn.jpg","/h/giay/1347246313vn.jpg","/h/giay/1347246313vn.jpg"
"S53GIAY1400311012R1003","/h/giay/1347246313vn.jpg","/h/giay/1347246313vn.jpg","/h/giay/1347246313vn.jpg"
"S53GIAY1400311012R1004","/h/giay/1347246313vn.jpg","/h/giay/1347246313vn.jpg","/h/giay/1347246313vn.jpg"
"S53GIAY1400311012R1005","/h/giay/1347246313vn.jpg","/h/giay/1347246313vn.jpg","/h/giay/1347246313vn.jpg"
"S53GIAY1400311012R1012","/h/giay/13506101491.jpg","/h/giay/13506101491.jpg","/h/giay/13506101492.jpg"
"S53GIAY1400311012R1013","/h/giay/13506101491.jpg","/h/giay/13506101491.jpg","/h/giay/13506101492.jpg"
"S53GIAY1400311012R1014","/h/giay/13506101491.jpg","/h/giay/13506101491.jpg","/h/giay/13506101492.jpg"
"S53GIAY1400311012R1015","/h/giay/13506101491.jpg","/h/giay/13506101491.jpg","/h/giay/13506101492.jpg"
"S53GIAY1400311012R1016","/h/giay/13506101491.jpg","/h/giay/13506101491.jpg","/h/giay/13506101492.jpg"
"S53GIAY1400311012R1017","/h/giay/13506101491.jpg","/h/giay/13506101491.jpg","/h/giay/13506101492.jpg"
"S53GIAY1400311012R1018","/h/giay/13506107932.jpg","/h/giay/13506107932.jpg","/h/giay/1350610690vn.jpg"
"S53GIAY1400311012R1019","/h/giay/13506107932.jpg","/h/giay/13506107932.jpg","/h/giay/1350610690vn.jpg"
"S53GIAY1400311012R1020","/h/giay/13506107932.jpg","/h/giay/13506107932.jpg","/h/giay/1350610690vn.jpg"
"S53GIAY1400311012R1021","/h/giay/13506107932.jpg","/h/giay/13506107932.jpg","/h/giay/1350610690vn.jpg"
"S53GIAY1400311012R1022","/h/giay/13506107932.jpg","/h/giay/13506107932.jpg","/h/giay/1350610690vn.jpg"
"S53GIAY1400311012R1023","/h/giay/13506107932.jpg","/h/giay/13506107932.jpg","/h/giay/1350610690vn.jpg"
"S53GIAY1400311012R1024","/h/giay/13506122302.jpg","/h/giay/13506122302.jpg","/h/giay/1350611014vn.jpg"
"S53GIAY1400311012R1025","/h/giay/13506122302.jpg","/h/giay/13506122302.jpg","/h/giay/1350611014vn.jpg"
"S53GIAY1400311012R1026","/h/giay/13506122302.jpg","/h/giay/13506122302.jpg","/h/giay/1350611014vn.jpg"
"S53GIAY1400311012R1027","/h/giay/13506122302.jpg","/h/giay/13506122302.jpg","/h/giay/1350611014vn.jpg"
"S53GIAY1400311012R1028","/h/giay/13506122302.jpg","/h/giay/13506122302.jpg","/h/giay/1350611014vn.jpg"
"S53GIAY1400311012R1029","/h/giay/13506122302.jpg","/h/giay/13506122302.jpg","/h/giay/1350611014vn.jpg"
"S53GIAY1400311012R1030","/h/giay/13506124962.jpg","/h/giay/13506124962.jpg","/h/giay/1350612407vn.jpg"
"S53GIAY1400311012R1031","/h/giay/13506124962.jpg","/h/giay/13506124962.jpg","/h/giay/1350612407vn.jpg"
"S53GIAY1400311012R1032","/h/giay/13506124962.jpg","/h/giay/13506124962.jpg","/h/giay/1350612407vn.jpg"
"S53GIAY1400311012R1033","/h/giay/13506124962.jpg","/h/giay/13506124962.jpg","/h/giay/1350612407vn.jpg"
"S53GIAY1400311012R1034","/h/giay/13506124962.jpg","/h/giay/13506124962.jpg","/h/giay/1350612407vn.jpg"
"S53GIAY1400311012R1035","/h/giay/13506124962.jpg","/h/giay/13506124962.jpg","/h/giay/1350612407vn.jpg"
"S53GIAY1400311012R1036","/h/giay/13506127702.jpg","/h/giay/13506127702.jpg","/h/giay/1350612680vn.jpg"
"S53GIAY1400311012R1037","/h/giay/13506127702.jpg","/h/giay/13506127702.jpg","/h/giay/1350612680vn.jpg"
"S53GIAY1400311012R1038","/h/giay/13506127702.jpg","/h/giay/13506127702.jpg","/h/giay/1350612680vn.jpg"
"S53GIAY1400311012R1039","/h/giay/13506127702.jpg","/h/giay/13506127702.jpg","/h/giay/1350612680vn.jpg"
"S53GIAY1400311012R1040","/h/giay/13506127702.jpg","/h/giay/13506127702.jpg","/h/giay/1350612680vn.jpg"
"S53GIAY1400311012R1041","/h/giay/13506127702.jpg","/h/giay/13506127702.jpg","/h/giay/1350612680vn.jpg"
"S53GIAY1400311012R1042","/h/giay/13506183132.jpg","/h/giay/13506183132.jpg","/h/giay/1350618277vn.jpg"
"S53GIAY1400311012R1043","/h/giay/13506183132.jpg","/h/giay/13506183132.jpg","/h/giay/1350618277vn.jpg"
"S53GIAY1400311012R1044","/h/giay/13506183132.jpg","/h/giay/13506183132.jpg","/h/giay/1350618277vn.jpg"
"S53GIAY1400311012R1045","/h/giay/13506183132.jpg","/h/giay/13506183132.jpg","/h/giay/1350618277vn.jpg"
"S53GIAY1400311012R1046","/h/giay/13506183132.jpg","/h/giay/13506183132.jpg","/h/giay/1350618277vn.jpg"
"S53GIAY1400311012R1047","/h/giay/13506183132.jpg","/h/giay/13506183132.jpg","/h/giay/1350618277vn.jpg"
"S53GIAY1400311012R1048","/h/giay/13506180322.jpg","/h/giay/13506180322.jpg","/h/giay/1350617920vn.jpg"
"S53GIAY1400311012R1049","/h/giay/13506180322.jpg","/h/giay/13506180322.jpg","/h/giay/1350617920vn.jpg"
"S53GIAY1400311012R1050","/h/giay/13506180322.jpg","/h/giay/13506180322.jpg","/h/giay/1350617920vn.jpg"
"S53GIAY1400311012R1051","/h/giay/13506180322.jpg","/h/giay/13506180322.jpg","/h/giay/1350617920vn.jpg"
"S53GIAY1400311012R1052","/h/giay/13506180322.jpg","/h/giay/13506180322.jpg","/h/giay/1350617920vn.jpg"
"S53GIAY1400311012R1053","/h/giay/13506180322.jpg","/h/giay/13506180322.jpg","/h/giay/1350617920vn.jpg"
"S53GIAY1400311012R1066","/h/giay/13499247502.jpg","/h/giay/13499247502.jpg","/h/giay/1349924716vn.jpg"
"S53GIAY1400311012R1067","/h/giay/13499247502.jpg","/h/giay/13499247502.jpg","/h/giay/1349924716vn.jpg"
"S53GIAY1400311012R1068","/h/giay/13499247502.jpg","/h/giay/13499247502.jpg","/h/giay/1349924716vn.jpg"
"S53GIAY1400311012R1069","/h/giay/13499247502.jpg","/h/giay/13499247502.jpg","/h/giay/1349924716vn.jpg"
"S53GIAY1400311012R1070","/h/giay/13499247502.jpg","/h/giay/13499247502.jpg","/h/giay/1349924716vn.jpg"
"S53GIAY1400311012R1071","/h/giay/13499247502.jpg","/h/giay/13499247502.jpg","/h/giay/1349924716vn.jpg"
"S51DL0300311012R1000","/nuhoangdl/u_01_1.jpg","/nuhoangdl/u_01_3","/nuhoangdl/u_01_2"
"S51DL0300311012R1001","/nuhoangdl/u_02_1.jpg","/nuhoangdl/u_02_3","/nuhoangdl/u_02_2"
"S51DL0300311012R1002","/nuhoangdl/u_03_1.jpg","/nuhoangdl/u_03_3","/nuhoangdl/u_03_2"
"S51DL0300311012R1003","/nuhoangdl/u_04_1.jpg","/nuhoangdl/u_04_3","/nuhoangdl/u_04_2"
"S51DL0300311012R1004","/nuhoangdl/u_05_1.jpg ","","/nuhoangdl/u_05_2"
"S51DL0300311012R1005","/nuhoangdl/u_06_1.jpg","","/nuhoangdl/u_06_2"
"S51DL0300311012R1006","/nuhoangdl/u_07_1.jpg","/nuhoangdl/u_07_3","/nuhoangdl/u_07_2"
"S51DL0300311012R1007","/nuhoangdl/u_08_1.jpg","/nuhoangdl/u_08_3","/nuhoangdl/u_08_2"
"S51DL0300311012R1008","/nuhoangdl/u_09_1.jpg ","/nuhoangdl/u_09_3","/nuhoangdl/u_09_2"
"S51DL0300311012R1009","/nuhoangdl/u_10_1.jpg","/nuhoangdl/u_10_3","/nuhoangdl/u_10_2"
"S51DL0300311012R1010","/nuhoangdl/u_11_1.jpg","/nuhoangdl/u_11_3","/nuhoangdl/u_11_2"
"S51DL0300311012R1011","/nuhoangdl/u_12_1.jpg","/nuhoangdl/u_12_3","/nuhoangdl/u_12_2"
"S51DL0300311012R1012","/nuhoangdl/u_13_1.jpg","","/nuhoangdl/u_13_2"
"S51DL0300311012R1013","/nuhoangdl/u_14_1.jpg","","/nuhoangdl/u_14_2"
"S51DL0300311012R1014","/nuhoangdl/u_15_1.jpg","","/nuhoangdl/u_15_2"
"S43VAY1421311012R1000","/yame/dn_004_01_1.jpg","/yame/dn_004_01_1.jpg","/yame/dn_004_01_1.jpg"
"S43VAY1421311012R1001","/yame/dn_004_20_3__2_.jpg","/yame/dn_004_20_3__2_.jpg","/yame/dn_004_20_3.jpg"
"S43VAY1421311012R1002","/yame/dn_004_20_3_3.jpg  ","/yame/dn_004_20_3_3.jpg  ","/yame/dn_004_20_3_3.jpg  "
"S43VAY1421311012R1003","/yame/dn_004_21_3__2_.jpg","/yame/dn_004_21_3__2_.jpg","/yame/dn_004_21_3.jpg"
"S43VAY1421311012R1004","/yame/dn_004_21_3_3.jpg ","/yame/dn_004_21_3_3.jpg ","/yame/dn_004_21_3_3.jpg "
"S43VAY1421311012R1005","/yame/dn_004_22_4_3.jpg  ","/yame/dn_004_22_4_3.jpg  ","/yame/dn_004_22_4_3.jpg  "
"S43VAY1421311012R1006","/yame/dn_004_22_4.jpg","/yame/dn_004_22_4.jpg","/yame/dn_004_22_4.jpg"
"S43VAY1421311012R1007","/yame/dn_004_22_4_4.jpg  ","/yame/dn_004_22_4_4.jpg  ","/yame/dn_004_22_4_4.jpg  "
"S43VAY1421311012R1008","/yame/dn_004_22_4_2.jpg  ","/yame/dn_004_22_4_2.jpg  ","/yame/dn_004_22_4_2.jpg  "
"S56VAY1422311012R1000","/haha/bd_010_01_2__2_.jpg","/haha/bd_010_01_2__2_.jpg","/haha/bd_010_01_2__2_.jpg"
"S56VAY1422311012R1001","/haha/bd_010_07_3__1_.jpg","/haha/bd_010_01_2__1_.jpg","/haha/bd_010_01_2__1_.jpg"
"S56VAY1422311012R1002","/haha/bd_010_07_3__2_.jpg","/haha/bd_010_07_3__2_.jpg","/haha/bd_010_07_3__2_.jpg"
"S56VAY1422311012R1003","/haha/bd_010_07_3__3_.jpg","/haha/bd_010_07_3__3_.jpg","/haha/bd_010_07_3__3_.jpg"
"S56VAY1422311012R1004","/haha/bd_010_08__1.jpg ","/haha/bd_010_08__1.jpg ","/haha/bd_010_08__1.jpg "
"S56VAY1422311012R1005","/haha/bd_010_09_1.jpg","/haha/bd_010_09_1.jpg","/haha/bd_010_09_1.jpg"